locale,query,intent,target_path,priority,stage,notes,impressions,clicks,ctr,avg_position,conversions,last_measured
en,ai podcast player,commercial-investigation,/ai-podcast-player/,1,existing-page,Core category query for the product page,,,,,,
en,ai podcast app,commercial-investigation,/ai-podcast-player/,1,existing-page,Variant category wording,,,,,,
en,private ai podcast player,commercial-investigation,/private-ai-podcast-player/,1,existing-page,Privacy and processing-mode intent,,,,,,
en,on-device podcast transcription,informational,/on-device-podcast-transcription/,1,existing-page,Feature and education intent,,,,,,
en,podcast transcription app,commercial-investigation,/on-device-podcast-transcription/,2,existing-page,Alternative feature wording,,,,,,
en,podcast app with notes,commercial-investigation,/podcast-app-with-notes/,1,existing-page,Core notes workflow query,,,,,,
en,podcast notes app,commercial-investigation,/podcast-app-with-notes/,1,existing-page,Short variant for notes workflow,,,,,,
en,search podcast transcripts,informational,/search-podcast-transcripts/,1,existing-page,Search and retrieval intent,,,,,,
en,podcast app for iphone,commercial-investigation,/podcast-app-for-iphone/,1,existing-page,Device-specific discovery intent,,,,,,
en,podcast app for mac,commercial-investigation,/podcast-app-for-mac/,1,existing-page,Device-specific discovery intent,,,,,,
en,how to remember what you hear in podcasts,informational,/guides/remember-podcasts/,1,existing-page,Learning and retention guide intent,,,,,,
en,how to take podcast notes,informational,/guides/take-podcast-notes/,1,existing-page,Practical note-taking guide intent,,,,,,
en,how to bookmark useful podcast moments,informational,/guides/bookmark-podcast-moments/,2,existing-page,Highlight workflow guide intent,,,,,,
en,how to find and verify a podcast quote,informational,/guides/find-a-podcast-quote/,1,existing-page,Quote retrieval and verification intent,,,,,,
en,podcast transcripts vs summaries vs highlights,informational,/guides/transcripts-summaries-highlights/,2,existing-page,Feature comparison education intent,,,,,,
en,podcast learning workflow,informational,/guides/podcast-learning-workflow/,1,existing-page,End-to-end learning workflow intent,,,,,,
en,podcasts for studying and research,informational,/guides/podcasts-for-students/,2,existing-page,Study and research use case,,,,,,
en,how to choose an ai podcast app,commercial-investigation,/guides/choose-ai-podcast-app/,1,existing-page,Evaluation checklist intent,,,,,,
en,podpin vs snipd,commercial-investigation,/compare/podpin-vs-snipd/,2,existing-page,Named comparison intent,,,,,,
en,podpin vs apple podcasts,commercial-investigation,/compare/podpin-vs-apple-podcasts/,2,existing-page,Named comparison intent,,,,,,
es,reproductor de podcasts con ia privada,commercial-investigation,/es/private-ai-podcast-player/,1,localized-page,Spanish localized feature page,,,,,,
es,app de podcasts con notas,commercial-investigation,/es/podcast-app-with-notes/,1,localized-page,Spanish localized feature page,,,,,,
es,app de podcasts para mac,commercial-investigation,/es/podcast-app-for-mac/,1,localized-page,Spanish localized feature page,,,,,,
es,cómo encontrar una cita en un podcast,informational,/es/guides/find-a-podcast-quote/,1,localized-page,Spanish localized guide page,,,,,,
fr,lecteur de podcasts avec ia privée,commercial-investigation,/fr/private-ai-podcast-player/,1,localized-page,French localized feature page,,,,,,
fr,application de podcasts avec notes,commercial-investigation,/fr/podcast-app-with-notes/,1,localized-page,French localized feature page,,,,,,
fr,application de podcasts pour mac,commercial-investigation,/fr/podcast-app-for-mac/,1,localized-page,French localized feature page,,,,,,
fr,comment retrouver une citation dans un podcast,informational,/fr/guides/find-a-podcast-quote/,1,localized-page,French localized guide page,,,,,,
de,privater ki podcast player,commercial-investigation,/de/private-ai-podcast-player/,1,localized-page,German localized feature page,,,,,,
de,podcast app mit notizen,commercial-investigation,/de/podcast-app-with-notes/,1,localized-page,German localized feature page,,,,,,
de,podcast app für mac,commercial-investigation,/de/podcast-app-for-mac/,1,localized-page,German localized feature page,,,,,,
de,wie finde ich ein zitat in einem podcast,informational,/de/guides/find-a-podcast-quote/,1,localized-page,German localized guide page,,,,,,
