app_store_id,store,keyword,popularity,difficulty,current_ranking,previous_ranking,ranking_change,apps_count,last_update_utc,source
"6760191862","us","ai podcast player","5","15","1","1","0","242","2026-08-30T08:13:01Z","Astro get_app_keywords"
"6760191862","us","podcast bookmarks","5","38","6","14","8","242","2026-08-30T08:13:00Z","Astro get_app_keywords"
"6760191862","us","podcast chapters","5","19","7","7","0","247","2026-08-30T08:12:59Z","Astro get_app_keywords"
"6760191862","us","podcast highlights","5","42","9","16","7","247","2026-08-30T08:12:57Z","Astro get_app_keywords"
"6760191862","us","podcast notes","5","37","10","62","52","250","2026-08-30T08:12:58Z","Astro get_app_keywords"
"6760191862","us","podcast summary ai","5","21","11","20","9","245","2026-08-30T08:13:11Z","Astro get_app_keywords"
"6760191862","us","podcast knowledge","5","21","13","32","19","249","2026-08-30T08:24:22Z","Astro get_app_keywords"
"6760191862","us","poscast","22","54","15","1000","985","230","2026-08-30T08:24:55Z","Astro get_app_keywords"
"6760191862","us","podcast lm","16","19","17","162","145","249","2026-08-30T08:24:56Z","Astro get_app_keywords"
"6760191862","us","podcast summary","5","43","18","29","11","250","2026-08-30T08:12:59Z","Astro get_app_keywords"
"6760191862","us","podcast clip","5","40","18","71","53","246","2026-08-30T08:13:05Z","Astro get_app_keywords"
"6760191862","us","podcast transcription","5","21","19","174","155","249","2026-08-30T08:13:05Z","Astro get_app_keywords"
"6760191862","us","podcast transcript","5","50","21","150","129","250","2026-08-30T08:12:56Z","Astro get_app_keywords"
"6760191862","us","podcast clips","5","50","22","106","84","249","2026-08-30T08:13:04Z","Astro get_app_keywords"
"6760191862","us","podcast summaries","5","19","22","31","9","247","2026-08-30T08:24:21Z","Astro get_app_keywords"
"6760191862","us","podcast transcripts","5","21","25","33","8","248","2026-08-30T08:12:56Z","Astro get_app_keywords"
"6760191862","us","podcast transcriptions","5","23","31","78","47","247","2026-08-30T08:24:20Z","Astro get_app_keywords"
"6760191862","us","ai podcast","16","17","39","101","62","243","2026-08-30T08:13:08Z","Astro get_app_keywords"
"6760191862","us","episode transcript","5","19","40","80","40","156","2026-08-30T08:13:00Z","Astro get_app_keywords"
"6760191862","us","podcast search","5","62","41","65","24","240","2026-08-30T08:13:02Z","Astro get_app_keywords"
"6760191862","us","podcast creator","28","58","46","209","163","248","2026-08-30T08:24:51Z","Astro get_app_keywords"
"6760191862","us","podcast apps","11","78","56","1000","944","241","2026-08-30T08:24:50Z","Astro get_app_keywords"
"6760191862","us","podcast player","36","73","57","135","78","248","2026-08-30T08:12:54Z","Astro get_app_keywords"
"6760191862","us","podcast discover","5","40","62","101","39","245","2026-08-30T08:13:17Z","Astro get_app_keywords"
"6760191862","us","apple podcast","42","86","62","213","151","248","2026-08-30T08:24:48Z","Astro get_app_keywords"
"6760191862","us","podcast app","52","76","63","224","161","249","2026-08-30T08:12:55Z","Astro get_app_keywords"
"6760191862","us","podcast discovery","5","21","64","126","62","244","2026-08-30T08:13:01Z","Astro get_app_keywords"
"6760191862","us","podcast summarizer","5","15","66","138","72","247","2026-08-30T08:13:10Z","Astro get_app_keywords"
"6760191862","us","podcast app for podcast enthusiasts","58","80","80","1000","920","248","2026-08-30T08:24:46Z","Astro get_app_keywords"
"6760191862","us","podcatcher","5","59","107","1000","893","249","2026-08-30T08:24:23Z","Astro get_app_keywords"
"6760191862","us","podcast episodes","5","48","131","201","70","247","2026-08-30T08:16:23Z","Astro get_app_keywords"
"6760191862","us","podcast queue","5","39","139","205","66","247","2026-08-30T08:24:23Z","Astro get_app_keywords"
"6760191862","us","offline podcast","5","63","149","1000","851","250","2026-08-30T08:16:25Z","Astro get_app_keywords"
"6760191862","us","podcast app for iphone","31","67","168","1000","832","243","2026-08-30T08:24:51Z","Astro get_app_keywords"
"6760191862","us","podcasts app","5","63","176","1000","824","242","2026-08-30T08:13:04Z","Astro get_app_keywords"
"6760191862","us","rss player","9","40","185","1000","815","249","2026-08-30T08:16:24Z","Astro get_app_keywords"
"6760191862","us","podcasts","59","74","196","1000","804","248","2026-08-30T08:13:02Z","Astro get_app_keywords"
"6760191862","us","podcast kostenlos","41","74","197","1000","803","248","2026-08-30T08:24:47Z","Astro get_app_keywords"
"6760191862","us","discover podcasts","5","43","243","1000","757","247","2026-08-30T08:13:17Z","Astro get_app_keywords"
"6760191862","us","transcript","7","54","1000","1000","0","250","2026-08-30T08:12:57Z","Astro get_app_keywords"
"6760191862","us","highlights","7","41","1000","1000","0","244","2026-08-30T08:12:58Z","Astro get_app_keywords"
"6760191862","us","transcription","10","37","1000","1000","0","249","2026-08-30T08:13:06Z","Astro get_app_keywords"
"6760191862","us","transcribe","9","53","1000","1000","0","249","2026-08-30T08:13:06Z","Astro get_app_keywords"
"6760191862","us","listen read","5","44","1000","1000","0","244","2026-08-30T08:13:07Z","Astro get_app_keywords"
"6760191862","us","listen and read","5","37","1000","1000","0","237","2026-08-30T08:13:07Z","Astro get_app_keywords"
"6760191862","us","ai transcripts","5","9","1000","1000","0","248","2026-08-30T08:13:09Z","Astro get_app_keywords"
"6760191862","us","audio transcript","8","37","1000","1000","0","250","2026-08-30T08:13:09Z","Astro get_app_keywords"
"6760191862","us","audio to text","9","46","1000","1000","0","247","2026-08-30T08:13:10Z","Astro get_app_keywords"
"6760191862","us","notes","74","77","1000","1000","0","232","2026-08-30T08:13:12Z","Astro get_app_keywords"
"6760191862","us","read","53","85","1000","1000","0","241","2026-08-30T08:13:12Z","Astro get_app_keywords"
"6760191862","us","clips","59","68","1000","1000","0","247","2026-08-30T08:13:13Z","Astro get_app_keywords"
"6760191862","us","chapters","52","73","1000","1000","0","248","2026-08-30T08:13:13Z","Astro get_app_keywords"
"6760191862","us","bookmarks","19","15","1000","1000","0","248","2026-08-30T08:13:14Z","Astro get_app_keywords"
"6760191862","us","bookmark","8","17","1000","1000","0","250","2026-08-30T08:13:15Z","Astro get_app_keywords"
"6760191862","us","insights","6","52","1000","1000","0","248","2026-08-30T08:13:15Z","Astro get_app_keywords"
"6760191862","us","summaries","5","51","1000","1000","0","245","2026-08-30T08:13:16Z","Astro get_app_keywords"
"6760191862","us","summarize","5","13","1000","1000","0","248","2026-08-30T08:13:16Z","Astro get_app_keywords"
"6760191862","us","chat with episodes","5","37","1000","1000","0","239","2026-08-30T08:13:18Z","Astro get_app_keywords"
"6760191862","us","episode highlights","5","13","1000","1000","0","187","2026-08-30T08:13:18Z","Astro get_app_keywords"
"6760191862","us","episode notes","5","40","1000","1000","0","149","2026-08-30T08:13:19Z","Astro get_app_keywords"
"6760191862","us","listen learn","5","11","1000","1000","0","239","2026-08-30T08:13:19Z","Astro get_app_keywords"
"6760191862","us","podcast","67","74","1000","1000","0","247","2026-08-30T08:13:46Z","Astro get_app_keywords"
"6760191862","us","rss","43","48","1000","1000","0","249","2026-08-30T08:16:24Z","Astro get_app_keywords"
"6760191862","us","radio","63","75","1000","1000","0","249","2026-08-30T08:17:23Z","Astro get_app_keywords"
"6760191862","us","ai radio","5","9","1000","1000","0","250","2026-08-30T08:17:24Z","Astro get_app_keywords"
"6760191862","us","read along","6","23","1000","1000","0","245","2026-08-30T08:24:21Z","Astro get_app_keywords"
"6760191862","us","learn english podcast","5","53","1000","1000","0","246","2026-08-30T08:24:24Z","Astro get_app_keywords"
"6760191862","us","english listening","6","45","1000","1000","0","247","2026-08-30T08:24:24Z","Astro get_app_keywords"
"6760191862","us","podcast gratuit","36","74","1000","1000","0","249","2026-08-30T08:24:45Z","Astro get_app_keywords"
"6760191862","us","podcasts app for iphone","21","75","1000","1000","0","248","2026-08-30T08:24:46Z","Astro get_app_keywords"
"6760191862","us","carplay cast","19","41","1000","1000","0","250","2026-08-30T08:24:47Z","Astro get_app_keywords"
"6760191862","us","take take take","6","40","1000","1000","0","242","2026-08-30T08:24:49Z","Astro get_app_keywords"
"6760191862","us","highlight","22","42","1000","1000","0","245","2026-08-30T08:24:52Z","Astro get_app_keywords"
"6760191862","us","snip","57","21","1000","1000","0","244","2026-08-30T08:24:53Z","Astro get_app_keywords"
"6760191862","us","car play apple","27","71","1000","1000","0","244","2026-08-30T08:24:53Z","Astro get_app_keywords"
"6760191862","us","carplay apple","32","78","1000","1000","0","245","2026-08-30T08:24:54Z","Astro get_app_keywords"
"6760191862","us","snipd","24","30","1000","1000","0","39","2026-08-30T08:24:56Z","Astro get_app_keywords"
"6760191862","es","descubrir podcasts","5","19","12","12","0","12","2026-08-30T08:16:35Z","Astro get_app_keywords"
"6760191862","es","reproductor podcast","5","38","17","16","-1","77","2026-08-30T08:13:51Z","Astro get_app_keywords"
"6760191862","es","notas podcast","5","39","68","70","2","139","2026-08-30T08:16:32Z","Astro get_app_keywords"
"6760191862","es","podcast notas","5","44","68","70","2","139","2026-08-30T08:24:26Z","Astro get_app_keywords"
"6760191862","es","destacados","5","17","80","80","0","99","2026-08-30T08:13:51Z","Astro get_app_keywords"
"6760191862","es","reproductor audio","5","53","173","180","7","210","2026-08-30T08:22:19Z","Astro get_app_keywords"
"6760191862","es","podcast player","36","58","1000","1000","0","231","2026-08-30T08:13:21Z","Astro get_app_keywords"
"6760191862","es","ai podcast","5","11","1000","1000","0","236","2026-08-30T08:13:21Z","Astro get_app_keywords"
"6760191862","es","transcript","9","37","1000","1000","0","236","2026-08-30T08:13:22Z","Astro get_app_keywords"
"6760191862","es","transcribe","8","42","1000","1000","0","240","2026-08-30T08:13:22Z","Astro get_app_keywords"
"6760191862","es","highlights","5","13","1000","1000","0","224","2026-08-30T08:13:23Z","Astro get_app_keywords"
"6760191862","es","bookmark","25","11","1000","1000","0","225","2026-08-30T08:13:23Z","Astro get_app_keywords"
"6760191862","es","podcasts","31","57","1000","1000","0","229","2026-08-30T08:13:47Z","Astro get_app_keywords"
"6760191862","es","podcast","59","60","1000","229","-771","231","2026-08-30T08:13:47Z","Astro get_app_keywords"
"6760191862","es","transcribir","9","23","1000","1000","0","238","2026-08-30T08:13:48Z","Astro get_app_keywords"
"6760191862","es","transcripción","5","13","1000","1000","0","239","2026-08-30T08:13:49Z","Astro get_app_keywords"
"6760191862","es","transcripciones","5","7","1000","1000","0","235","2026-08-30T08:13:49Z","Astro get_app_keywords"
"6760191862","es","resúmenes","5","38","1000","1000","0","231","2026-08-30T08:13:50Z","Astro get_app_keywords"
"6760191862","es","marcadores","19","54","1000","1000","0","230","2026-08-30T08:13:50Z","Astro get_app_keywords"
"6760191862","es","podcast ai","9","40","1000","1000","0","235","2026-08-30T08:13:51Z","Astro get_app_keywords"
"6760191862","es","podcast offline","5","64","1000","1000","0","232","2026-08-30T08:16:32Z","Astro get_app_keywords"
"6760191862","es","audio texto","5","46","1000","1000","0","241","2026-08-30T08:16:33Z","Astro get_app_keywords"
"6760191862","es","voz a texto","5","42","1000","1000","0","243","2026-08-30T08:16:34Z","Astro get_app_keywords"
"6760191862","es","podcast audio","5","49","1000","1000","0","232","2026-08-30T08:16:34Z","Astro get_app_keywords"
"6760191862","es","reproductor","6","49","1000","1000","0","227","2026-08-30T08:22:17Z","Astro get_app_keywords"
"6760191862","es","aplicación","26","85","1000","1000","0","227","2026-08-30T08:22:17Z","Astro get_app_keywords"
"6760191862","es","descubre","6","42","1000","1000","0","215","2026-08-30T08:22:18Z","Astro get_app_keywords"
"6760191862","es","escuchar podcast","5","70","1000","1000","0","233","2026-08-30T08:22:18Z","Astro get_app_keywords"
"6760191862","es","podcast app","53","61","1000","1000","0","231","2026-08-30T08:22:19Z","Astro get_app_keywords"
"6760191862","es","radio podcast","5","53","1000","1000","0","235","2026-08-30T08:22:20Z","Astro get_app_keywords"
"6760191862","es","audio","40","51","1000","1000","0","227","2026-08-30T08:22:21Z","Astro get_app_keywords"
"6760191862","es","radio","63","60","1000","1000","0","237","2026-08-30T08:22:21Z","Astro get_app_keywords"
"6760191862","es","podcast búsqueda","5","5","1000","1000","0","2","2026-08-30T08:24:26Z","Astro get_app_keywords"
"6760191862","es","podcasts app for iphone","26","67","1000","1000","0","238","2026-08-30T08:24:59Z","Astro get_app_keywords"
"6760191862","es","podimo","61","38","1000","1000","0","20","2026-08-30T08:24:59Z","Astro get_app_keywords"
"6760191862","es","podcasts app","5","65","1000","1000","0","233","2026-08-30T08:25:00Z","Astro get_app_keywords"
"6760191862","de","podcast folgen","5","7","10","9","-1","12","2026-08-30T08:16:44Z","Astro get_app_keywords"
"6760191862","de","podcast notizen","5","7","108","72","-36","121","2026-08-30T08:16:42Z","Astro get_app_keywords"
"6760191862","de","podcast player","36","57","1000","1000","0","229","2026-08-30T08:13:30Z","Astro get_app_keywords"
"6760191862","de","ai podcast","9","21","1000","1000","0","241","2026-08-30T08:13:31Z","Astro get_app_keywords"
"6760191862","de","transcript","9","34","1000","1000","0","239","2026-08-30T08:13:31Z","Astro get_app_keywords"
"6760191862","de","transcribe","39","44","1000","1000","0","239","2026-08-30T08:13:32Z","Astro get_app_keywords"
"6760191862","de","highlights","24","23","1000","1000","0","211","2026-08-30T08:13:32Z","Astro get_app_keywords"
"6760191862","de","bookmark","25","17","1000","1000","0","224","2026-08-30T08:13:33Z","Astro get_app_keywords"
"6760191862","de","podcast","62","64","1000","1000","0","231","2026-08-30T08:13:58Z","Astro get_app_keywords"
"6760191862","de","podcasts","39","62","1000","1000","0","232","2026-08-30T08:13:58Z","Astro get_app_keywords"
"6760191862","de","transkribieren","8","40","1000","1000","0","243","2026-08-30T08:13:59Z","Astro get_app_keywords"
"6760191862","de","transkription","10","44","1000","1000","0","243","2026-08-30T08:13:59Z","Astro get_app_keywords"
"6760191862","de","transkript","8","44","1000","1000","0","243","2026-08-30T08:14:00Z","Astro get_app_keywords"
"6760191862","de","lesezeichen","5","13","1000","1000","0","204","2026-08-30T08:14:00Z","Astro get_app_keywords"
"6760191862","de","ki podcast","5","50","1000","1000","0","193","2026-08-30T08:14:01Z","Astro get_app_keywords"
"6760191862","de","podcast app","54","70","1000","1000","0","228","2026-08-30T08:14:01Z","Astro get_app_keywords"
"6760191862","de","podcast audio","5","50","1000","1000","0","232","2026-08-30T08:16:42Z","Astro get_app_keywords"
"6760191862","de","offline podcast","5","62","1000","1000","0","231","2026-08-30T08:16:43Z","Astro get_app_keywords"
"6760191862","de","audio text","5","45","1000","1000","0","239","2026-08-30T08:16:43Z","Astro get_app_keywords"
"6760191862","de","podcast suche","5","61","1000","1000","0","232","2026-08-30T08:16:44Z","Astro get_app_keywords"
"6760191862","de","podcast hören","5","59","1000","1000","0","134","2026-08-30T08:22:31Z","Astro get_app_keywords"
"6760191862","de","podcasts hören","5","58","1000","1000","0","132","2026-08-30T08:22:32Z","Astro get_app_keywords"
"6760191862","de","podcast entdecken","5","14","1000","1000","0","9","2026-08-30T08:22:32Z","Astro get_app_keywords"
"6760191862","de","audio player","9","54","1000","1000","0","223","2026-08-30T08:22:33Z","Astro get_app_keywords"
"6760191862","de","podcast radio","5","62","1000","1000","0","229","2026-08-30T08:22:33Z","Astro get_app_keywords"
"6760191862","de","hörbücher","58","67","1000","1000","0","187","2026-08-30T08:22:34Z","Astro get_app_keywords"
"6760191862","de","audiothek","7","57","1000","1000","0","21","2026-08-30T08:22:34Z","Astro get_app_keywords"
"6760191862","de","hörspiele","25","58","1000","1000","0","64","2026-08-30T08:22:35Z","Astro get_app_keywords"
"6760191862","de","audio","53","52","1000","1000","0","225","2026-08-30T08:22:35Z","Astro get_app_keywords"
"6760191862","de","player","44","51","1000","1000","0","222","2026-08-30T08:22:36Z","Astro get_app_keywords"
"6760191862","de","podcatcher","5","54","1000","1000","0","226","2026-08-30T08:24:27Z","Astro get_app_keywords"
"6760191862","fr","lecteur podcast","5","54","6","90","84","230","2026-08-30T08:13:56Z","Astro get_app_keywords"
"6760191862","fr","surlignage","5","5","17","17","0","36","2026-08-30T08:13:56Z","Astro get_app_keywords"
"6760191862","fr","podcast hors ligne","5","51","32","37","5","54","2026-08-30T08:16:37Z","Astro get_app_keywords"
"6760191862","fr","notes podcast","5","23","63","135","72","231","2026-08-30T08:16:35Z","Astro get_app_keywords"
"6760191862","fr","signets","5","11","93","1000","907","216","2026-08-30T08:13:55Z","Astro get_app_keywords"
"6760191862","fr","ai podcast","5","15","134","1000","866","240","2026-08-30T08:13:28Z","Astro get_app_keywords"
"6760191862","fr","podcast notes","5","40","180","194","14","230","2026-08-30T08:16:38Z","Astro get_app_keywords"
"6760191862","fr","podcast player","39","62","1000","1000","0","230","2026-08-30T08:13:27Z","Astro get_app_keywords"
"6760191862","fr","transcript","6","41","1000","1000","0","242","2026-08-30T08:13:28Z","Astro get_app_keywords"
"6760191862","fr","transcribe","38","42","1000","1000","0","240","2026-08-30T08:13:29Z","Astro get_app_keywords"
"6760191862","fr","highlights","24","15","1000","1000","0","232","2026-08-30T08:13:29Z","Astro get_app_keywords"
"6760191862","fr","bookmark","27","15","1000","1000","0","223","2026-08-30T08:13:30Z","Astro get_app_keywords"
"6760191862","fr","podcast","62","59","1000","1000","0","231","2026-08-30T08:13:52Z","Astro get_app_keywords"
"6760191862","fr","podcasts","34","59","1000","1000","0","228","2026-08-30T08:13:53Z","Astro get_app_keywords"
"6760191862","fr","transcrire","5","23","1000","1000","0","226","2026-08-30T08:13:53Z","Astro get_app_keywords"
"6760191862","fr","transcription","9","49","1000","1000","0","244","2026-08-30T08:13:54Z","Astro get_app_keywords"
"6760191862","fr","transcriptions","5","34","1000","1000","0","243","2026-08-30T08:13:54Z","Astro get_app_keywords"
"6760191862","fr","marque-pages","5","19","1000","1000","0","64","2026-08-30T08:13:55Z","Astro get_app_keywords"
"6760191862","fr","podcast ia","5","36","1000","1000","0","191","2026-08-30T08:13:57Z","Astro get_app_keywords"
"6760191862","fr","podcast audio","5","55","1000","1000","0","228","2026-08-30T08:16:36Z","Astro get_app_keywords"
"6760191862","fr","texte audio","5","42","1000","1000","0","240","2026-08-30T08:16:36Z","Astro get_app_keywords"
"6760191862","fr","podcast app","7","64","1000","1000","0","231","2026-08-30T08:16:37Z","Astro get_app_keywords"
"6760191862","fr","lecteur audio","16","58","1000","1000","0","231","2026-08-30T08:22:27Z","Astro get_app_keywords"
"6760191862","fr","lecteur musique","7","47","1000","1000","0","217","2026-08-30T08:22:27Z","Astro get_app_keywords"
"6760191862","fr","ecouter podcast","5","61","1000","1000","0","136","2026-08-30T08:22:28Z","Astro get_app_keywords"
"6760191862","fr","application podcast","5","61","1000","1000","0","230","2026-08-30T08:22:28Z","Astro get_app_keywords"
"6760191862","fr","podcast rss","5","47","1000","1000","0","221","2026-08-30T08:22:29Z","Astro get_app_keywords"
"6760191862","fr","radio podcast","5","67","1000","1000","0","234","2026-08-30T08:22:29Z","Astro get_app_keywords"
"6760191862","fr","radio","66","70","1000","1000","0","230","2026-08-30T08:22:30Z","Astro get_app_keywords"
"6760191862","fr","infos","26","66","1000","1000","0","202","2026-08-30T08:22:31Z","Astro get_app_keywords"
"6760191862","fr","favoris","5","13","1000","1000","0","212","2026-08-30T08:24:19Z","Astro get_app_keywords"
"6760191862","fr","podcast recherche","5","21","1000","1000","0","11","2026-08-30T08:24:30Z","Astro get_app_keywords"
"6760191862","fr","podcast résumé","5","17","1000","1000","0","91","2026-08-30T08:24:31Z","Astro get_app_keywords"
